기준일자|노선명|전환_노선ID|승차_정류장순번|승차_정류장ARS|승차_정류장표준코드|승차_정류장명|하차_정류장순번|하차_정류장ARS|하차_정류장표준코드|하차_정류장명|승객수
|0017|100100124|5|03122||한강대교북단|5|03122||한강대교북단|5,,
|0017|100100124|5|03122||한강대교북단|10|03287|102000193|이촌119안전센터.성촌공원|7,,
|0017|100100124|5|03122||한강대교북단|9|03288|102000194|성촌공원.포르쉐센터용산|15,,
|0017|100100124|5|03122||한강대교북단|8|03290|102000196|이촌2동주민센터|34,,
|0017|100100124|5|03122||한강대교북단|7|03292|102000198|이촌2동대림아파트.새남터성지|73,,
|0017|100100124|5|03122||한강대교북단|6|03294|102000200|서부이촌동입구|36,,
|0017|100100124|5|03122||한강대교북단|11|03296||원효2동산호아파트후문|15,,
|0017|100100124|5|03122||한강대교북단|12|03298|102000204|청암동강변삼성아파트|27,,
|0017|100100124|5|03122||한강대교북단|14|03304|102000210|원효2동주민센터|6,,
|0017|100100124|5|03122||한강대교북단|15|03306||산천동.성심여중고후문|20,,
|0017|100100124|5|03122||한강대교북단|16|03308||신창동세방아파트|2,,
|0017|100100124|5|03122||한강대교북단|17|03310||남이장군사당|4,,
|0017|100100124|5|03122||한강대교북단|18|03312||용문시장.용문동새마을금고|5,,
|0017|100100124|5|03122||한강대교북단|13|03321||청심경로당|11,,
|0017|100100124|11|03296||원효2동산호아파트후문|22|03119|102000026|신용산역3번출구|4,,
|0017|100100124|11|03296||원효2동산호아파트후문|19|03247|102000153|용문시장|1,,
|0017|100100124|11|03296||원효2동산호아파트후문|20|03250|102000156|용산전자상가입구|1,,
|0017|100100124|11|03296||원효2동산호아파트후문|21|03252|102000158|신용산지하차도|2,,
|0017|100100124|11|03296||원효2동산호아파트후문|11|03296||원효2동산호아파트후문|1,,
|0017|100100124|11|03296||원효2동산호아파트후문|17|03310||남이장군사당|2,,
|0017|100100124|11|03296||원효2동산호아파트후문|18|03312||용문시장.용문동새마을금고|3,,
|0017|100100124|13|03321||청심경로당|22|03119|102000026|신용산역3번출구|44,,
|0017|100100124|13|03321||청심경로당|19|03247|102000153|용문시장|6,,
|0017|100100124|13|03321||청심경로당|20|03250|102000156|용산전자상가입구|6,,
|0017|100100124|13|03321||청심경로당|21|03252|102000158|신용산지하차도|10,,
|0017|100100124|13|03321||청심경로당|15|03306||산천동.성심여중고후문|5,,
|0017|100100124|13|03321||청심경로당|16|03308||신창동세방아파트|2,,
|0017|100100124|13|03321||청심경로당|17|03310||남이장군사당|16,,
|0017|100100124|13|03321||청심경로당|18|03312||용문시장.용문동새마을금고|26,,
|0017|100100124|15|03306||산천동.성심여중고후문|22|03119|102000026|신용산역3번출구|105,,
|0017|100100124|15|03306||산천동.성심여중고후문|19|03247|102000153|용문시장|22,,
|0017|100100124|15|03306||산천동.성심여중고후문|20|03250|102000156|용산전자상가입구|9,,
|0017|100100124|15|03306||산천동.성심여중고후문|21|03252|102000158|신용산지하차도|26,,
|0017|100100124|15|03306||산천동.성심여중고후문|16|03308||신창동세방아파트|2,,
|0017|100100124|15|03306||산천동.성심여중고후문|17|03310||남이장군사당|19,,
|0017|100100124|15|03306||산천동.성심여중고후문|18|03312||용문시장.용문동새마을금고|60,,
|0017|100100124|16|03308||신창동세방아파트|22|03119|102000026|신용산역3번출구|88,,
|0017|100100124|16|03308||신창동세방아파트|19|03247|102000153|용문시장|9,,
|0017|100100124|16|03308||신창동세방아파트|20|03250|102000156|용산전자상가입구|4,,
|0017|100100124|16|03308||신창동세방아파트|21|03252|102000158|신용산지하차도|27,,
|0017|100100124|16|03308||신창동세방아파트|16|03308||신창동세방아파트|1,,
|0017|100100124|16|03308||신창동세방아파트|17|03310||남이장군사당|12,,
|0017|100100124|16|03308||신창동세방아파트|18|03312||용문시장.용문동새마을금고|23,,
|0017|100100124|17|03310||남이장군사당|22|03119|102000026|신용산역3번출구|27,,
|0017|100100124|17|03310||남이장군사당|19|03247|102000153|용문시장|1,,
|0017|100100124|17|03310||남이장군사당|20|03250|102000156|용산전자상가입구|5,,
|0017|100100124|17|03310||남이장군사당|21|03252|102000158|신용산지하차도|14,,
|0017|100100124|18|03312||용문시장.용문동새마을금고|22|03119|102000026|신용산역3번출구|62,,
|0017|100100124|18|03312||용문시장.용문동새마을금고|19|03247|102000153|용문시장|1,,
|0017|100100124|18|03312||용문시장.용문동새마을금고|20|03250|102000156|용산전자상가입구|6,,
|0017|100100124|18|03312||용문시장.용문동새마을금고|21|03252|102000158|신용산지하차도|18,,
|0017|100100124|18|03312||용문시장.용문동새마을금고|18|03312||용문시장.용문동새마을금고|1,,
|0017|100100124|26|03313||용문시장.용문동새마을금고|38|03001|102000001|한강대교북단.LG유플러스|13,,
|0017|100100124|26|03313||용문시장.용문동새마을금고|39|03003|102000003|신용산역|3,,
|0017|100100124|26|03313||용문시장.용문동새마을금고|34|03289|102000195|성촌공원.포르쉐센터용산|16,,
|0017|100100124|26|03313||용문시장.용문동새마을금고|35|03291|102000197|이촌2동주민센터|15,,
|0017|100100124|26|03313||용문시장.용문동새마을금고|36|03293|102000199|이촌2동대림아파트.새남터성지|9,,
|0017|100100124|26|03313||용문시장.용문동새마을금고|37|03295|102000201|이촌2동강변아파트|18,,
|0017|100100124|26|03313||용문시장.용문동새마을금고|32|03299|102000205|원효2동산호아파트|14,,
|0017|100100124|26|03313||용문시장.용문동새마을금고|33|03301|102000207|원효로풍전아파트|3,,
|0017|100100124|26|03313||용문시장.용문동새마을금고|30|03305|102000211|산천동리버힐삼성아파트|46,,
|0017|100100124|26|03313||용문시장.용문동새마을금고|29|03307||산천동.성심여중고후문|75,,
|0017|100100124|26|03313||용문시장.용문동새마을금고|28|03309||신창동세방아파트|60,,
|0017|100100124|26|03313||용문시장.용문동새마을금고|27|03311||남이장군사당|16,,
|0017|100100124|26|03313||용문시장.용문동새마을금고|26|03313||용문시장.용문동새마을금고|1,,
|0017|100100124|26|03313||용문시장.용문동새마을금고|31|03322||삼성테마트|25,,
|0017|100100124|27|03311||남이장군사당|38|03001|102000001|한강대교북단.LG유플러스|2,,
|0017|100100124|27|03311||남이장군사당|35|03291|102000197|이촌2동주민센터|2,,
|0017|100100124|27|03311||남이장군사당|36|03293|102000199|이촌2동대림아파트.새남터성지|3,,
|0017|100100124|27|03311||남이장군사당|33|03301|102000207|원효로풍전아파트|2,,
|0017|100100124|27|03311||남이장군사당|30|03305|102000211|산천동리버힐삼성아파트|1,,
|0017|100100124|27|03311||남이장군사당|29|03307||산천동.성심여중고후문|2,,
|0017|100100124|27|03311||남이장군사당|28|03309||신창동세방아파트|6,,
|0017|100100124|27|03311||남이장군사당|31|03322||삼성테마트|4,,
|0017|100100124|28|03309||신창동세방아파트|38|03001|102000001|한강대교북단.LG유플러스|10,,
|0017|100100124|28|03309||신창동세방아파트|39|03003|102000003|신용산역|1,,
|0017|100100124|28|03309||신창동세방아파트|34|03289|102000195|성촌공원.포르쉐센터용산|2,,
|0017|100100124|28|03309||신창동세방아파트|35|03291|102000197|이촌2동주민센터|3,,
|0017|100100124|28|03309||신창동세방아파트|36|03293|102000199|이촌2동대림아파트.새남터성지|1,,
|0017|100100124|28|03309||신창동세방아파트|37|03295|102000201|이촌2동강변아파트|2,,
|0017|100100124|28|03309||신창동세방아파트|32|03299|102000205|원효2동산호아파트|2,,
|0017|100100124|28|03309||신창동세방아파트|33|03301|102000207|원효로풍전아파트|2,,
|0017|100100124|28|03309||신창동세방아파트|29|03307||산천동.성심여중고후문|1,,
|0017|100100124|29|03307||산천동.성심여중고후문|38|03001|102000001|한강대교북단.LG유플러스|22,,
|0017|100100124|29|03307||산천동.성심여중고후문|39|03003|102000003|신용산역|5,,
|0017|100100124|29|03307||산천동.성심여중고후문|40|03253||신용산역5번출구|2,,
|0017|100100124|29|03307||산천동.성심여중고후문|34|03289|102000195|성촌공원.포르쉐센터용산|7,,
|0017|100100124|29|03307||산천동.성심여중고후문|35|03291|102000197|이촌2동주민센터|5,,
|0017|100100124|29|03307||산천동.성심여중고후문|36|03293|102000199|이촌2동대림아파트.새남터성지|6,,
|0017|100100124|29|03307||산천동.성심여중고후문|37|03295|102000201|이촌2동강변아파트|6,,
|0017|100100124|29|03307||산천동.성심여중고후문|32|03299|102000205|원효2동산호아파트|3,,
|0017|100100124|29|03307||산천동.성심여중고후문|33|03301|102000207|원효로풍전아파트|1,,
|0017|100100124|29|03307||산천동.성심여중고후문|29|03307||산천동.성심여중고후문|1,,
|0017|100100124|29|03307||산천동.성심여중고후문|31|03322||삼성테마트|1,,
|0017|100100124|31|03322||삼성테마트|38|03001|102000001|한강대교북단.LG유플러스|7,,
|0017|100100124|31|03322||삼성테마트|39|03003|102000003|신용산역|4,,
|0017|100100124|31|03322||삼성테마트|40|03253||신용산역5번출구|5,,
|0017|100100124|31|03322||삼성테마트|34|03289|102000195|성촌공원.포르쉐센터용산|3,,
|0017|100100124|31|03322||삼성테마트|35|03291|102000197|이촌2동주민센터|3,,
|0017|100100124|31|03322||삼성테마트|36|03293|102000199|이촌2동대림아파트.새남터성지|2,,
|0017|100100124|31|03322||삼성테마트|37|03295|102000201|이촌2동강변아파트|13,,
|0017|100100124|40|03253||신용산역5번출구|41|03121||용산역3번출구.용산차고지|6,,
|0017|100100124|40|03253||신용산역5번출구|40|03253||신용산역5번출구|2,,
|40||4|03122||한강대교북단|4|03122||한강대교북단|1,,
|40||4|03122||한강대교북단|7|20115|119000025|노량진역2번출구|1,,
|40||4|03122||한강대교북단|5|20121|119000028|노들역|1,,
|40||4|03122||한강대교북단|10|20152|119000059|동작구청.동작보건소건강관리청|3,,
|40||4|03122||한강대교북단|11|20154|119000061|상도노빌리티아파트|1,,
|40||4|03122||한강대교북단|14|20164|119000071|숭실대입구역|2,,
|40||4|03122||한강대교북단|22|20181|119000088|남성역골목시장|1,,
|40||4|03122||한강대교북단|8|20190|119000097|노량진초등학교앞|2,,
|40||4|03122||한강대교북단|40|23472|122000355|도곡중학교.강남세브란스병원|1,,
|40||54|23444||역삼1동주민센터|83|03001|102000001|한강대교북단.LG유플러스|1,,
|40||54|23444||역삼1동주민센터|77|20155|119000062|상도노빌리티아파트|1,,
|40||54|23444||역삼1동주민센터|76|20161|119000068|상도역|3,,
|40||54|23444||역삼1동주민센터|75|20163|119000070|상도동중앙하이츠빌.상도전통시장|1,,
|40||54|23444||역삼1동주민센터|74|20166|119000073|숭실대입구역|4,,
|40||54|23444||역삼1동주민센터|73|20170|119000077|숭실대중문앞|5,,
|40||54|23444||역삼1동주민센터|72|20172|119000079|숭실대별관앞|5,,
|40||54|23444||역삼1동주민센터|70|20174|119000081|총신대|1,,
|40||54|23444||역삼1동주민센터|68|20178|119000085|남성역|1,,
|40||54|23444||역삼1동주민센터|67|20180|119000087|남성역골목시장|4,,
|40||54|23444||역삼1동주민센터|65|20185|119000092|이수역10번출구|6,,
|40||54|23444||역삼1동주민센터|79|20193|119000100|청화병원|1,,
|40||54|23444||역삼1동주민센터|71|20213|119000320|사당롯데캐슬골든포레.사당해그린|1,,
|40||54|23444||역삼1동주민센터|60|22134|121000058|교대역10번출구|2,,
|40||54|23444||역삼1동주민센터|56|22167|121000091|강남역9번출구|3,,
|40||54|23444||역삼1동주민센터|57|22168|121000092|서초동진흥아파트|1,,
|40||54|23444||역삼1동주민센터|62|22391|121000310|내방역|10,,
|40||54|23444||역삼1동주민센터|63|22392|121000311|방배고개.방배초등학교|4,,
|40||54|23444||역삼1동주민센터|64|22393|119000285|이수역|5,,
|40||54|23444||역삼1동주민센터|61|22426|121001328|대법원앞|2,,
|40||54|23444||역삼1동주민센터|55|23284|122000181|강남역12번출구|5,,
|411||1|03120||서울드래곤시티|1|03120||서울드래곤시티|2,,
|411||1|03120||서울드래곤시티|2|03137|102000043|용산전자상가.전자랜드|3,,
|411||1|03120||서울드래곤시티|4|03145|102000051|원효로2가사거리|3,,
|411||1|03120||서울드래곤시티|3|03147|102000053|원효로3가|4,,
|411||1|03120||서울드래곤시티|7|03179|102000085|효창공원앞역.이봉창역사울림관|6,,
|411||1|03120||서울드래곤시티|6|03181|102000087|용산꿈나무종합타운.보건분소|3,,
|411||1|03120||서울드래곤시티|10|03235|102000141|숙명여대후문.이봉창활동터|8,,
|411||1|03120||서울드래곤시티|11|03236|102000142|효창공원후문|3,,
|411||1|03120||서울드래곤시티|12|03237|102000143|한겨레신문사입구|9,,
|411||1|03120||서울드래곤시티|13|03238|102000144|대한노인회중앙회|2,,
|411||1|03120||서울드래곤시티|8|03240|102000146|효창동주민센터.금양초등학교|3,,
|411||1|03120||서울드래곤시티|9|03344||효창공원삼거리.윤봉길의사등묘역|8,,
|411||1|03120||서울드래곤시티|35|22020|121000020|고속터미널|1,,
|411||9|03344||효창공원삼거리.윤봉길의사등묘역|18|03144|102000050|원효로2가|1,,
|411||9|03344||효창공원삼거리.윤봉길의사등묘역|19|03146|102000052|원효로3가|6,,
|411||9|03344||효창공원삼거리.윤봉길의사등묘역|16|03180|102000086|효창공원앞역.이봉창역사울림관|52,,
|411||9|03344||효창공원삼거리.윤봉길의사등묘역|17|03182|102000088|용산꿈나무종합타운.보건분소|1,,
|411||9|03344||효창공원삼거리.윤봉길의사등묘역|26|03216|102000122|이촌1동충신교회앞|1,,
|411||9|03344||효창공원삼거리.윤봉길의사등묘역|30|03224|102000130|금강병원.반도아파트|1,,
|411||9|03344||효창공원삼거리.윤봉길의사등묘역|31|03226|102000132|서빙고신동아아파트|1,,
|411||9|03344||효창공원삼거리.윤봉길의사등묘역|10|03235|102000141|숙명여대후문.이봉창활동터|1,,
|411||9|03344||효창공원삼거리.윤봉길의사등묘역|86|03235|102000141|숙명여대후문.이봉창활동터|1,,
|411||9|03344||효창공원삼거리.윤봉길의사등묘역|12|03237|102000143|한겨레신문사입구|2,,
|411||9|03344||효창공원삼거리.윤봉길의사등묘역|13|03238|102000144|대한노인회중앙회|1,,
|411||9|03344||효창공원삼거리.윤봉길의사등묘역|14|03239|102000145|효창운동장.효창동주민센터|1,,
|411||9|03344||효창공원삼거리.윤봉길의사등묘역|15|03241|102000147|금양초등학교|5,,
|411||9|03344||효창공원삼거리.윤봉길의사등묘역|21|03289|102000195|성촌공원.포르쉐센터용산|2,,
|411||9|03344||효창공원삼거리.윤봉길의사등묘역|22|03291|102000197|이촌2동주민센터|1,,
|411||9|03344||효창공원삼거리.윤봉길의사등묘역|23|03293|102000199|이촌2동대림아파트.새남터성지|3,,
|411||9|03344||효창공원삼거리.윤봉길의사등묘역|24|03295|102000201|이촌2동강변아파트|3,,
|411||9|03344||효창공원삼거리.윤봉길의사등묘역|20|03303||원효풍전아파트|1,,
|411||9|03344||효창공원삼거리.윤봉길의사등묘역|35|22020|121000020|고속터미널|8,,
|411||9|03344||효창공원삼거리.윤봉길의사등묘역|34|22022|121000022|신반포역.세화여중고|2,,
|411||9|03344||효창공원삼거리.윤봉길의사등묘역|33|22024|121000024|구반포역.세화고등학교|2,,
|411||9|03344||효창공원삼거리.윤봉길의사등묘역|37|22133|121000057|법조단지|1,,
|411||20|03303||원효풍전아파트|25|03214|102000120|이촌동동부센트레빌|6,,
|411||20|03303||원효풍전아파트|26|03216|102000122|이촌1동충신교회앞|9,,
|411||20|03303||원효풍전아파트|27|03218|102000124|이촌동한강맨션.이촌역|23,,
|411||20|03303||원효풍전아파트|28|03220|102000126|신용산초등학교.중경고등학교|7,,
|411||20|03303||원효풍전아파트|29|03222|102000128|이촌동점보아파트|5,,
|411||20|03303||원효풍전아파트|31|03226|102000132|서빙고신동아아파트|5,,
|411||20|03303||원효풍전아파트|23|03293|102000199|이촌2동대림아파트.새남터성지|1,,
|411||20|03303||원효풍전아파트|24|03295|102000201|이촌2동강변아파트|7,,
|411||20|03303||원효풍전아파트|43|22005|121000005|뱅뱅사거리|2,,
|411||20|03303||원효풍전아파트|42|22007|121000007|래미안아파트.파이낸셜뉴스|1,,
|411||20|03303||원효풍전아파트|41|22009|121000009|신분당선강남역|6,,
|411||20|03303||원효풍전아파트|35|22020|121000020|고속터미널|27,,
|411||20|03303||원효풍전아파트|34|22022|121000022|신반포역.세화여중고|4,,
|411||20|03303||원효풍전아파트|33|22024|121000024|구반포역.세화고등학교|4,,
|411||20|03303||원효풍전아파트|38|22103|121000027|교대역2번출구|2,,
|411||20|03303||원효풍전아파트|39|22104|121000028|서초동유원아파트|1,,
|411||20|03303||원효풍전아파트|40|22114|121000038|롯데칠성|1,,
|411||20|03303||원효풍전아파트|37|22133|121000057|법조단지|1,,
|411||20|03303||원효풍전아파트|36|22218|121000142|반포미도아파트앞|2,,
|411||20|03303||원효풍전아파트|46|22294|121000218|매헌시민의숲|2,,
|411||20|03303||원효풍전아파트|47|22298|121000222|AT센터.양재꽃시장|1,,
|411||20|03303||원효풍전아파트|32|22396|121000314|동작대교전망카페|1,,
|411||85|03344||효창공원삼거리.윤봉길의사등묘역|96|03121||용산역3번출구.용산차고지|5,,
|411||85|03344||효창공원삼거리.윤봉길의사등묘역|94|03144|102000050|원효로2가|3,,
|411||85|03344||효창공원삼거리.윤봉길의사등묘역|92|03180|102000086|효창공원앞역.이봉창역사울림관|47,,
|411||85|03344||효창공원삼거리.윤봉길의사등묘역|93|03182|102000088|용산꿈나무종합타운.보건분소|2,,
|411||85|03344||효창공원삼거리.윤봉길의사등묘역|86|03235|102000141|숙명여대후문.이봉창활동터|1,,
|411||85|03344||효창공원삼거리.윤봉길의사등묘역|88|03237|102000143|한겨레신문사입구|1,,
|411||85|03344||효창공원삼거리.윤봉길의사등묘역|89|03238|102000144|대한노인회중앙회|1,,
|411||85|03344||효창공원삼거리.윤봉길의사등묘역|90|03239|102000145|효창운동장.효창동주민센터|3,,
|411||85|03344||효창공원삼거리.윤봉길의사등묘역|91|03241|102000147|금양초등학교|10,,
|411||85|03344||효창공원삼거리.윤봉길의사등묘역|95|03250|102000156|용산전자상가입구|1,,
|411||96|03121||용산역3번출구.용산차고지|96|03121||용산역3번출구.용산차고지|1,,
|9409|107000005|22|07491||지역난방공사|34|22045|121001343|매헌시민의숲|1,,
|금천04|117900002|3|38520||메모리얼파크(마을)|11|18992|117900166|시흥사거리|1,,
|금천04||3|38520||메모리얼파크(마을)|4|38522|213000432|기아자동차정문|1,,
|서대문10|112900001|2|13513||명지고후문|9|13162|112000079|홍은현대아파트.스위스그랜드호텔|2,,
|서대문10|112900001|2|13513||명지고후문|11|13911|112000413|홍제역3번출구|1,,
|서대문10|112900001|2|13513||명지고후문|10|13929|112900153|유진상가|1,,
|한강버스|100000000|2|00002||한강버스.뚝섬선착장|7|00007||한강버스.마곡선착장|52,,
|한강버스|100000000|2|00002||한강버스.뚝섬선착장|6|00006||한강버스.망원선착장|15,,
|한강버스|100000000|2|00002||한강버스.뚝섬선착장|4|00004||한강버스.압구정선착장|7,,
|한강버스|100000000|2|00002||한강버스.뚝섬선착장|5|00005||한강버스.여의도선착장|24,,
|한강버스|100000000|2|00002||한강버스.뚝섬선착장|3|00003||한강버스.옥수선착장|8,,
|한강버스|100000000|2|00002||한강버스.뚝섬선착장|1|00001||한강버스.잠실선착장|42,,
|한강버스|100000000|7|00007||한강버스.마곡선착장|2|00002||한강버스.뚝섬선착장|36,,
|한강버스|100000000|7|00007||한강버스.마곡선착장|6|00006||한강버스.망원선착장|29,,
|한강버스|100000000|7|00007||한강버스.마곡선착장|4|00004||한강버스.압구정선착장|11,,
|한강버스|100000000|7|00007||한강버스.마곡선착장|5|00005||한강버스.여의도선착장|30,,
|한강버스|100000000|7|00007||한강버스.마곡선착장|3|00003||한강버스.옥수선착장|31,,
|한강버스|100000000|7|00007||한강버스.마곡선착장|1|00001||한강버스.잠실선착장|93,,
|한강버스|100000000|6|00006||한강버스.망원선착장|2|00002||한강버스.뚝섬선착장|19,,
|한강버스|100000000|6|00006||한강버스.망원선착장|7|00007||한강버스.마곡선착장|12,,
|한강버스|100000000|6|00006||한강버스.망원선착장|4|00004||한강버스.압구정선착장|11,,
|한강버스|100000000|6|00006||한강버스.망원선착장|5|00005||한강버스.여의도선착장|32,,
|한강버스|100000000|6|00006||한강버스.망원선착장|3|00003||한강버스.옥수선착장|10,,
|한강버스|100000000|6|00006||한강버스.망원선착장|1|00001||한강버스.잠실선착장|31,,
|한강버스|100000000|4|00004||한강버스.압구정선착장|2|00002||한강버스.뚝섬선착장|19,,
|한강버스|100000000|4|00004||한강버스.압구정선착장|7|00007||한강버스.마곡선착장|7,,
|한강버스|100000000|4|00004||한강버스.압구정선착장|6|00006||한강버스.망원선착장|7,,
|한강버스|100000000|4|00004||한강버스.압구정선착장|5|00005||한강버스.여의도선착장|9,,
|한강버스|100000000|4|00004||한강버스.압구정선착장|3|00003||한강버스.옥수선착장|9,,
|한강버스|100000000|4|00004||한강버스.압구정선착장|1|00001||한강버스.잠실선착장|12,,
|한강버스|100000000|5|00005||한강버스.여의도선착장|2|00002||한강버스.뚝섬선착장|52,,
|한강버스|100000000|5|00005||한강버스.여의도선착장|7|00007||한강버스.마곡선착장|42,,
|한강버스|100000000|5|00005||한강버스.여의도선착장|6|00006||한강버스.망원선착장|27,,
|한강버스|100000000|5|00005||한강버스.여의도선착장|4|00004||한강버스.압구정선착장|25,,
|한강버스|100000000|5|00005||한강버스.여의도선착장|3|00003||한강버스.옥수선착장|20,,
|한강버스|100000000|5|00005||한강버스.여의도선착장|1|00001||한강버스.잠실선착장|114,,
|한강버스|100000000|3|00003||한강버스.옥수선착장|2|00002||한강버스.뚝섬선착장|8,,
|한강버스|100000000|3|00003||한강버스.옥수선착장|7|00007||한강버스.마곡선착장|26,,
|한강버스|100000000|3|00003||한강버스.옥수선착장|6|00006||한강버스.망원선착장|15,,
|한강버스|100000000|3|00003||한강버스.옥수선착장|4|00004||한강버스.압구정선착장|9,,
|한강버스|100000000|3|00003||한강버스.옥수선착장|5|00005||한강버스.여의도선착장|17,,
|한강버스|100000000|3|00003||한강버스.옥수선착장|1|00001||한강버스.잠실선착장|11,,
|한강버스|100000000|1|00001||한강버스.잠실선착장|2|00002||한강버스.뚝섬선착장|14,,
|한강버스|100000000|1|00001||한강버스.잠실선착장|7|00007||한강버스.마곡선착장|78,,
|한강버스|100000000|1|00001||한강버스.잠실선착장|6|00006||한강버스.망원선착장|30,,
|한강버스|100000000|1|00001||한강버스.잠실선착장|4|00004||한강버스.압구정선착장|21,,
|한강버스|100000000|1|00001||한강버스.잠실선착장|5|00005||한강버스.여의도선착장|68,,
|한강버스|100000000|1|00001||한강버스.잠실선착장|3|00003||한강버스.옥수선착장|23,,
